,timestamp,temp,Power,outdoortemp
0,2023/12/13 0:00,20.19381917,0,-2.6
1,2023/12/13 0:15,20.43412512,0,-2.6
2,2023/12/13 0:30,20.85113074,0,-2.6
3,2023/12/13 0:45,19.51689677,0,-2.6
4,2023/12/13 1:00,20.83170686,0,-2.6
5,2023/12/13 1:15,19.79282894,0,-2.55
6,2023/12/13 1:30,19.30901441,0,-2.5
7,2023/12/13 1:45,19.98440416,0,-2.45
8,2023/12/13 2:00,18.9660984,0,-2.4
9,2023/12/13 2:15,18.31283445,0,-2.4
10,2023/12/13 2:30,19.39206857,0,-2.4
11,2023/12/13 2:45,18.66368497,0.165557529,-2.4
12,2023/12/13 3:00,18.23988308,0,-2.4
13,2023/12/13 3:15,18.05880402,0,-2.4
14,2023/12/13 3:30,18.44636408,0,-2.4
15,2023/12/13 3:45,17.78579991,0,-2.4
16,2023/12/13 4:00,17.231767,0,-2.4
17,2023/12/13 4:15,16.82571116,0,-2.375
18,2023/12/13 4:30,16.66570463,0,-2.35
19,2023/12/13 4:45,16.74243283,0.04943588,-2.325
20,2023/12/13 5:00,15.83823239,0.664057591,-2.3
21,2023/12/13 5:15,16.33745074,0,-2.3
22,2023/12/13 5:30,15.78825511,0,-2.3
23,2023/12/13 5:45,15.3988387,0,-2.3
24,2023/12/13 6:00,15.80240156,0,-2.3
25,2023/12/13 6:15,15.09891331,0,-2.275
26,2023/12/13 6:30,14.73363209,0,-2.25
27,2023/12/13 6:45,14.92310112,0,-2.225
28,2023/12/13 7:00,15.26820498,0.774918073,-2.2
29,2023/12/13 7:15,15.03457986,0.242523085,-2.2
30,2023/12/13 7:30,14.18498935,0,-2.2
31,2023/12/13 7:45,14.38378123,0,-2.2
32,2023/12/13 8:00,13.93599918,0,-2.2
33,2023/12/13 8:15,14.64123745,0,-2.175
34,2023/12/13 8:30,13.82469037,0,-2.15
35,2023/12/13 8:45,13.28569509,0,-2.125
36,2023/12/13 9:00,14.07212342,0,-2.1
37,2023/12/13 9:15,14.12122952,0,-2.1
38,2023/12/13 9:30,14.18357242,0,-2.1
39,2023/12/13 9:45,13.18697449,0,-2.1
40,2023/12/13 10:00,12.68276531,0,-2.1
41,2023/12/13 10:15,14.10999432,0,-2.025
42,2023/12/13 10:30,12.56891411,0,-1.95
43,2023/12/13 10:45,12.70340902,0,-1.875
44,2023/12/13 11:00,12.26850979,0,-1.8
45,2023/12/13 11:15,12.18949732,0.353985918,-1.825
46,2023/12/13 11:30,11.77855465,0,-1.85
47,2023/12/13 11:45,11.52743502,0,-1.875
48,2023/12/13 12:00,12.34410883,0,-1.9
49,2023/12/13 12:15,11.68382667,0,-1.875
50,2023/12/13 12:30,11.34029293,0.745166739,-1.85
51,2023/12/13 12:45,11.51516573,0,-1.825
52,2023/12/13 13:00,10.75693904,0.109924432,-1.8
53,2023/12/13 13:15,11.142622,0,-1.8
54,2023/12/13 13:30,10.8467592,0,-1.8
55,2023/12/13 13:45,9.99758116,0,-1.8
56,2023/12/13 14:00,10.53556809,0.012441228,-1.8
57,2023/12/13 14:15,10.68151066,0.067709455,-1.8
58,2023/12/13 14:30,10.11639808,0.678647077,-1.8
59,2023/12/13 14:45,10.48724915,0.622472485,-1.8
60,2023/12/13 15:00,9.1503,0,-1.8
61,2023/12/13 15:15,9.452445222,0,-1.8
62,2023/12/13 15:30,9.938404851,0,-1.8
63,2023/12/13 15:45,9.782676649,0,-1.8
64,2023/12/13 16:00,9.516268509,0,-1.8
65,2023/12/13 16:15,9.287953404,0,-1.8
66,2023/12/13 16:30,10.29652434,0,-1.8
67,2023/12/13 16:45,9.000301984,0,-1.8
68,2023/12/13 17:00,9.715146109,0.654000847,-1.8
69,2023/12/13 17:15,8.92836615,0.823757181,-1.825
70,2023/12/13 17:30,8.513016855,0.102971367,-1.85
71,2023/12/13 17:45,9.429986699,0.477509452,-1.875
72,2023/12/13 18:00,9.440716344,0.852150013,-1.9
73,2023/12/13 18:15,9.101427827,0,-1.925
74,2023/12/13 18:30,8.369305065,0.197757044,-1.95
75,2023/12/13 18:45,9.069572436,0,-1.975
76,2023/12/13 19:00,9.124610322,0.046917239,-2
77,2023/12/13 19:15,7.910269432,0,-1.975
78,2023/12/13 19:30,9.459519672,0.411746479,-1.95
79,2023/12/13 19:45,8.811572701,0.327504743,-1.925
80,2023/12/13 20:00,9.027634707,0,-1.9
81,2023/12/13 20:15,8.965215808,0,-1.9
82,2023/12/13 20:30,8.551983917,0.194958833,-1.9
83,2023/12/13 20:45,8.614346218,0.274572215,-1.9
84,2023/12/13 21:00,7.396273948,0.134524444,-1.9
85,2023/12/13 21:15,7.69520563,0.169848161,-1.9
86,2023/12/13 21:30,7.855219717,0,-1.9
87,2023/12/13 21:45,7.200260898,0,-1.9
88,2023/12/13 22:00,8.051224877,0,-1.9
89,2023/12/13 22:15,7.655879076,0,-1.9
90,2023/12/13 22:30,7.386221012,0,-1.9
91,2023/12/13 22:45,7.937156179,0,-1.9
92,2023/12/13 23:00,7.144795469,0,-1.9
93,2023/12/13 23:15,7.102202398,0,-2
94,2023/12/13 23:30,7.886114785,0.415938016,-2.2
95,2023/12/13 23:45,6.947979328,0,-2.1
96,2023/12/14 0:00,6.797922499,1.699791053,-1.9
97,2023/12/14 0:15,6.612841951,1.933299403,-1.95
98,2023/12/14 0:30,6.446697584,0.884203909,-2
99,2023/12/14 0:45,7.32151763,1.865703515,-2.05
100,2023/12/14 1:00,7.653443646,0.541347546,-2.1
101,2023/12/14 1:15,7.415858003,0.804822259,-2.225
102,2023/12/14 1:30,8.280630073,2.053724024,-2.35
103,2023/12/14 1:45,8.417867942,0.652191665,-2.475
104,2023/12/14 2:00,8.308611955,0.557218819,-2.6
105,2023/12/14 2:15,7.799307757,2.066316381,-2.65
106,2023/12/14 2:30,7.707960106,0.457305049,-2.7
107,2023/12/14 2:45,7.415037932,1.461186829,-2.75
108,2023/12/14 3:00,7.819424795,1.204234889,-2.8
109,2023/12/14 3:15,8.68306793,0.216255215,-2.825
110,2023/12/14 3:30,8.92350886,2.207917766,-2.85
111,2023/12/14 3:45,8.414242378,2.410929891,-2.875
112,2023/12/14 4:00,8.442234374,0.935525956,-2.9
113,2023/12/14 4:15,8.374961357,1.553037434,-3.025
114,2023/12/14 4:30,9.462642895,2.617631382,-3.15
115,2023/12/14 4:45,8.832446817,0.30800226,-3.275
116,2023/12/14 5:00,9.641959472,2.49038349,-3.4
117,2023/12/14 5:15,10.08100256,1.413043184,-3.475
118,2023/12/14 5:30,10.18144157,1.065013119,-3.55
119,2023/12/14 5:45,9.603951541,1.045952797,-3.625
120,2023/12/14 6:00,10.9121549,0.449753625,-3.7
121,2023/12/14 6:15,10.61518548,0,-3.775
122,2023/12/14 6:30,9.817774554,1.238500401,-3.85
123,2023/12/14 6:45,10.03629706,0.982797823,-3.925
124,2023/12/14 7:00,10.03126175,1.348102729,-4
125,2023/12/14 7:15,10.19175855,1.451086979,-4.075
126,2023/12/14 7:30,10.06619401,0.116041216,-4.15
127,2023/12/14 7:45,9.816452199,1.872904943,-4.225
128,2023/12/14 8:00,9.814031963,1.780938812,-4.3
129,2023/12/14 8:15,9.868427692,0.438874261,-4.325
130,2023/12/14 8:30,9.544591041,1.587436968,-4.35
131,2023/12/14 8:45,10.03065322,3.71029954,-4.375
132,2023/12/14 9:00,10.43865591,1.981224909,-4.4
133,2023/12/14 9:15,10.96346608,2.582110014,-4.275
134,2023/12/14 9:30,11.37818245,2.490867845,-4.15
135,2023/12/14 9:45,11.67955557,1.829235142,-4.025
136,2023/12/14 10:00,11.58958774,2.743558334,-3.9
137,2023/12/14 10:15,12.50313309,0.646086274,-3.75
138,2023/12/14 10:30,12.1752593,0.514507688,-3.6
139,2023/12/14 10:45,12.47414752,1.678640863,-3.45
140,2023/12/14 11:00,12.10261361,0.602209153,-3.3
141,2023/12/14 11:15,12.2463975,0.995630904,-3.3
142,2023/12/14 11:30,11.91109481,1.618289781,-3.3
143,2023/12/14 11:45,12.37620867,0.842738355,-3.3
144,2023/12/14 12:00,13.08860474,3.005015225,-3.3
145,2023/12/14 12:15,12.55217353,2.035230959,-3.3
146,2023/12/14 12:30,12.61828603,1.828687799,-3.3
147,2023/12/14 12:45,13.66235559,1.022936591,-3.3
148,2023/12/14 13:00,12.33956203,1.393188845,-3.3
149,2023/12/14 13:15,13.13111603,0.417343613,-3.325
150,2023/12/14 13:30,12.67080687,0.457492996,-3.35
151,2023/12/14 13:45,11.79924059,1.331776177,-3.375
152,2023/12/14 14:00,13.45780629,0,-3.4
153,2023/12/14 14:15,12.82415797,1.561396095,-3.425
154,2023/12/14 14:30,13.49936101,1.872346409,-3.45
155,2023/12/14 14:45,13.01891848,0.194172559,-3.475
156,2023/12/14 15:00,12.5868124,1.397134889,-3.5
157,2023/12/14 15:15,12.85007022,3.982564052,-3.55
158,2023/12/14 15:30,12.90531023,1.473316469,-3.6
159,2023/12/14 15:45,13.84018918,1.438792957,-3.65
160,2023/12/14 16:00,14.06532898,1.956214991,-3.7
161,2023/12/14 16:15,14.27302732,1.097215066,-3.925
162,2023/12/14 16:30,14.5100497,3.157725339,-4.15
163,2023/12/14 16:45,14.24815071,2.416889059,-4.375
164,2023/12/14 17:00,15.19365045,1.660361237,-4.6
165,2023/12/14 17:15,15.19104166,1.834677191,-4.625
166,2023/12/14 17:30,15.11513617,1.784025587,-4.65
167,2023/12/14 17:45,14.86164738,1.323012952,-4.675
168,2023/12/14 18:00,14.7078581,1.017188567,-4.7
169,2023/12/14 18:15,15.2740527,0.886115872,-4.675
170,2023/12/14 18:30,15.01850354,0.568650631,-4.65
171,2023/12/14 18:45,15.2197505,1.093154881,-4.625
172,2023/12/14 19:00,15.21684223,1.441056909,-4.6
173,2023/12/14 19:15,14.73473519,1.068800022,-4.675
174,2023/12/14 19:30,15.1836717,1.460461919,-4.75
175,2023/12/14 19:45,15.72766621,1.521950523,-4.825
176,2023/12/14 20:00,15.40107329,1.154969172,-4.9
177,2023/12/14 20:15,15.91981405,0.945813449,-4.875
178,2023/12/14 20:30,15.14640412,0.875055763,-4.85
179,2023/12/14 20:45,15.20945805,0.706499767,-4.825
180,2023/12/14 21:00,15.61747126,1.194473978,-4.8
181,2023/12/14 21:15,14.41177569,1.575188317,-4.775
182,2023/12/14 21:30,15.12464044,0,-4.75
183,2023/12/14 21:45,14.64619893,1.273691518,-4.725
184,2023/12/14 22:00,15.10613174,2.208596188,-4.7
185,2023/12/14 22:15,14.36036184,0.887823558,-4.725
186,2023/12/14 22:30,14.79547987,2.368879974,-4.75
187,2023/12/14 22:45,15.36071293,2.361679593,-4.775
188,2023/12/14 23:00,14.81890922,0.825733111,-4.8
189,2023/12/14 23:15,14.81991587,1.515634837,-4.9
190,2023/12/14 23:30,15.70000452,2.232544962,-5
191,2023/12/14 23:45,15.71880431,0.79191909,-5.1
192,2023/12/15 0:00,15.86891028,1.197178029,-4.9
193,2023/12/15 0:15,15.09093126,1.666913793,-4.825
194,2023/12/15 0:30,15.38019209,0.471341277,-4.75
195,2023/12/15 0:45,15.50393898,1.219565647,-4.675
196,2023/12/15 1:00,15.40694837,1.005385086,-4.6
197,2023/12/15 1:15,14.60095596,0,-4.65
198,2023/12/15 1:30,15.14548098,0.803938004,-4.7
199,2023/12/15 1:45,15.69052213,2.067345205,-4.75
200,2023/12/15 2:00,14.45405354,0.103080573,-4.8
201,2023/12/15 2:15,15.06263594,0.420193215,-4.925
202,2023/12/15 2:30,15.0365391,1.442479749,-5.05
203,2023/12/15 2:45,14.21633793,0.156292029,-5.175
204,2023/12/15 3:00,15.07509278,1.611791455,-5.3
205,2023/12/15 3:15,15.346086,1.401357159,-5.375
206,2023/12/15 3:30,14.62803603,0,-5.45
207,2023/12/15 3:45,14.34812853,1.256591065,-5.525
208,2023/12/15 4:00,14.26714511,0,-5.6
209,2023/12/15 4:15,15.58734718,0.537305754,-5.725
210,2023/12/15 4:30,14.28273385,2.138972575,-5.85
211,2023/12/15 4:45,15.09178612,1.79121427,-5.975
212,2023/12/15 5:00,14.67430843,0.578748014,-6.1
213,2023/12/15 5:15,14.24585042,1.65656916,-6.025
214,2023/12/15 5:30,14.39764516,1.851805772,-5.95
215,2023/12/15 5:45,13.58419332,1.200404777,-5.875
216,2023/12/15 6:00,14.79044437,2.897095935,-5.8
217,2023/12/15 6:15,14.71981353,1.742203409,-5.85
218,2023/12/15 6:30,14.44032556,2.044599847,-5.9
219,2023/12/15 6:45,14.45075048,4.150482704,-5.95
220,2023/12/15 7:00,15.25829004,0.388273609,-6
221,2023/12/15 7:15,15.04767901,1.019119665,-6.125
222,2023/12/15 7:30,15.83566132,2.180380654,-6.25
223,2023/12/15 7:45,15.86840279,3.049106564,-6.375
224,2023/12/15 8:00,15.62930233,0.703621496,-6.5
225,2023/12/15 8:15,15.64974771,1.137367527,-6.375
226,2023/12/15 8:30,16.0971327,3.012801963,-6.25
227,2023/12/15 8:45,15.98129292,0.829196694,-6.125
228,2023/12/15 9:00,16.34229578,2.82157026,-6
229,2023/12/15 9:15,15.594885,2.37234572,-5.75
230,2023/12/15 9:30,16.93698679,1.279646659,-5.5
231,2023/12/15 9:45,16.92354256,3.824161901,-5.25
232,2023/12/15 10:00,17.13942877,1.606837684,-5
233,2023/12/15 10:15,16.33236113,0.706710806,-5
234,2023/12/15 10:30,16.48678966,1.250394524,-5
235,2023/12/15 10:45,17.57226344,3.040836685,-5
236,2023/12/15 11:00,16.34554486,0.731346793,-5
237,2023/12/15 11:15,17.08862645,2.063107384,-4.9
238,2023/12/15 11:30,17.13033896,2.97379409,-4.8
239,2023/12/15 11:45,17.92466967,0.884549307,-4.7
240,2023/12/15 12:00,17.34116058,2.523636882,-4.6
241,2023/12/15 12:15,17.61239508,1.738551779,-4.7
242,2023/12/15 12:30,17.68974148,1.067665543,-4.8
243,2023/12/15 12:45,17.77050013,1.626297195,-4.9
244,2023/12/15 13:00,18.396756,0.527651512,-5
245,2023/12/15 13:15,17.96220525,1.016025553,-5.075
246,2023/12/15 13:30,17.74965714,1.625634696,-5.15
247,2023/12/15 13:45,17.9567009,1.999975165,-5.225
248,2023/12/15 14:00,17.80646328,0.471428302,-5.3
249,2023/12/15 14:15,17.23268294,1.694678715,-5.325
250,2023/12/15 14:30,17.91650098,2.073122103,-5.35
251,2023/12/15 14:45,17.41690602,1.261775655,-5.375
252,2023/12/15 15:00,18.46989928,3.977276784,-5.4
253,2023/12/15 15:15,18.12996481,1.627938512,-5.425
254,2023/12/15 15:30,18.70798692,1.679592297,-5.45
255,2023/12/15 15:45,18.32743187,2.474637044,-5.475
256,2023/12/15 16:00,19.13612526,1.517732954,-5.5
257,2023/12/15 16:15,19.36045806,2.70869615,-5.65
258,2023/12/15 16:30,19.0673592,2.466353372,-5.8
259,2023/12/15 16:45,18.10492342,1.330449661,-5.95
260,2023/12/15 17:00,19.31101381,3.781909397,-6.1
261,2023/12/15 17:15,19.80498831,2.45397611,-6.2
262,2023/12/15 17:30,20.02101368,1.450883647,-6.3
263,2023/12/15 17:45,19.64338171,3.100783608,-6.4
264,2023/12/15 18:00,19.65116686,0.750047753,-6.5
265,2023/12/15 18:15,19.57753057,0.578288982,-6.575
266,2023/12/15 18:30,19.45153629,1.487605524,-6.65
267,2023/12/15 18:45,19.58421488,1.426173281,-6.725
268,2023/12/15 19:00,19.91148349,0.141194589,-6.8
269,2023/12/15 19:15,19.99776191,0.820675139,-7
270,2023/12/15 19:30,19.67627063,3.79391668,-7.2
271,2023/12/15 19:45,19.30199492,0.781065523,-7.4
272,2023/12/15 20:00,19.55080495,0.896497222,-7.6
273,2023/12/15 20:15,19.18978253,1.694969003,-7.7
274,2023/12/15 20:30,19.35442915,0.827572619,-7.8
275,2023/12/15 20:45,19.36948067,2.414081009,-7.9
276,2023/12/15 21:00,19.23832302,3.024105163,-8
277,2023/12/15 21:15,18.90702913,1.311024061,-8.175
278,2023/12/15 21:30,19.18653494,2.434251228,-8.35
279,2023/12/15 21:45,19.44754091,1.165987831,-8.525
280,2023/12/15 22:00,18.38687441,1.682026108,-8.7
281,2023/12/15 22:15,19.43323056,2.244092774,-8.85
282,2023/12/15 22:30,19.33036812,1.255433124,-9
283,2023/12/15 22:45,20.33122269,0.988911633,-9.15
284,2023/12/15 23:00,20.36393429,1.036433894,-9.3
285,2023/12/15 23:15,19.57932704,2.193947063,-9.4
286,2023/12/15 23:30,20.10842415,0.520502792,-9.2
287,2023/12/15 23:45,19.45994281,1.88463394,-9.1
288,2023/12/16 0:00,18.8678527,3.064750431,-9.7
289,2023/12/16 0:15,19.78783127,0.656477293,-9.8
290,2023/12/16 0:30,19.36505779,1.816216887,-9.9
291,2023/12/16 0:45,19.5376341,1.768482505,-10
292,2023/12/16 1:00,19.67213024,0.245585686,-10.1
293,2023/12/16 1:15,18.94799053,1.578212005,-10.175
294,2023/12/16 1:30,19.25687579,0.619609224,-10.25
295,2023/12/16 1:45,19.28572065,0.210204595,-10.325
296,2023/12/16 2:00,18.05199378,1.458419925,-10.4
297,2023/12/16 2:15,17.7277042,0.253402381,-10.45
298,2023/12/16 2:30,18.15426027,1.031593993,-10.5
299,2023/12/16 2:45,17.99207178,2.087810109,-10.55
300,2023/12/16 3:00,17.48083014,0.166398069,-10.6
301,2023/12/16 3:15,17.4493987,1.437826072,-10.725
302,2023/12/16 3:30,17.73057607,1.701638776,-10.85
303,2023/12/16 3:45,17.80700502,0.930344645,-10.975
304,2023/12/16 4:00,17.36406552,1.877746366,-11.1
305,2023/12/16 4:15,17.32077929,1.454631906,-11.175
306,2023/12/16 4:30,17.64702178,1.067481755,-11.25
307,2023/12/16 4:45,17.28416814,1.60734131,-11.325
308,2023/12/16 5:00,17.0840394,0.580360424,-11.4
309,2023/12/16 5:15,17.45015468,0.584139484,-11.6
310,2023/12/16 5:30,17.59512203,1.602871252,-11.8
311,2023/12/16 5:45,17.03627939,0.024754117,-12
312,2023/12/16 6:00,15.75732615,1.584348299,-12.2
313,2023/12/16 6:15,16.83851594,1.076686329,-12.25
314,2023/12/16 6:30,15.56710028,0.550683641,-12.3
315,2023/12/16 6:45,16.63655718,1.443750649,-12.35
316,2023/12/16 7:00,16.80496839,1.332778325,-12.4
317,2023/12/16 7:15,17.03132382,0.336504839,-12.425
318,2023/12/16 7:30,15.87749686,1.767338154,-12.45
319,2023/12/16 7:45,16.11119407,0.918721743,-12.475
320,2023/12/16 8:00,15.94826752,1.859951636,-12.5
321,2023/12/16 8:15,15.64510802,2.056269881,-12.375
322,2023/12/16 8:30,15.91225852,0.697915124,-12.25
323,2023/12/16 8:45,15.43535611,1.267158774,-12.125
324,2023/12/16 9:00,15.91291777,1.693808153,-12
325,2023/12/16 9:15,16.26188008,1.581652564,-11.875
326,2023/12/16 9:30,14.92112424,2.010996833,-11.75
327,2023/12/16 9:45,16.21925981,1.225513622,-11.625
328,2023/12/16 10:00,16.55640707,0.6658735,-11.5
329,2023/12/16 10:15,16.04296041,1.564990994,-11.375
330,2023/12/16 10:30,16.00011073,0,-11.25
331,2023/12/16 10:45,15.22390161,0.892809785,-11.125
332,2023/12/16 11:00,15.28754968,2.155466685,-11
333,2023/12/16 11:15,15.1047075,1.702490811,-10.775
334,2023/12/16 11:30,15.9016307,1.008315291,-10.55
335,2023/12/16 11:45,16.47840677,2.109447461,-10.325
336,2023/12/16 12:00,14.96963418,1.336048045,-10.1
337,2023/12/16 12:15,15.04688525,2.675732845,-9.925
338,2023/12/16 12:30,15.52796997,1.725348957,-9.75
339,2023/12/16 12:45,15.31938309,0,-9.575
340,2023/12/16 13:00,14.61350926,1.578065272,-9.4
341,2023/12/16 13:15,14.97518271,1.016897433,-9.225
342,2023/12/16 13:30,14.94773836,1.394040034,-9.05
343,2023/12/16 13:45,16.14294759,0,-8.875
344,2023/12/16 14:00,15.45247712,1.294317828,-8.7
345,2023/12/16 14:15,14.57984475,1.399579285,-8.6
346,2023/12/16 14:30,15.37336946,0.279529097,-8.5
347,2023/12/16 14:45,14.43103144,0.008800789,-8.4
348,2023/12/16 15:00,14.08853329,0.589442203,-8.3
349,2023/12/16 15:15,14.64845475,0.908892639,-8.3
350,2023/12/16 15:30,14.61368644,1.042021999,-8.3
351,2023/12/16 15:45,13.90241444,0.898417163,-8.3
352,2023/12/16 16:00,13.63118711,0.756408238,-8.3
353,2023/12/16 16:15,13.74932332,1.678477866,-8.475
354,2023/12/16 16:30,14.39051284,1.870692245,-8.65
355,2023/12/16 16:45,13.98771301,1.388087461,-8.825
356,2023/12/16 17:00,13.57318688,1.453205009,-9
357,2023/12/16 17:15,13.96284166,1.456889031,-9.125
358,2023/12/16 17:30,14.34352485,0.966429821,-9.25
359,2023/12/16 17:45,14.58761385,1.349893552,-9.375
360,2023/12/16 18:00,14.11385609,1.378740919,-9.5
361,2023/12/16 18:15,13.87400619,0.821319852,-9.6
362,2023/12/16 18:30,14.59167827,0.362145711,-9.7
363,2023/12/16 18:45,13.83405392,0.250613975,-9.8
364,2023/12/16 19:00,13.37916889,0.841845309,-9.9
365,2023/12/16 19:15,13.38759222,0.898770405,-10.15
366,2023/12/16 19:30,13.70132714,0.576058229,-10.4
367,2023/12/16 19:45,13.89392764,1.296319623,-10.65
368,2023/12/16 20:00,12.80416532,0.422689372,-10.9
369,2023/12/16 20:15,13.29410258,0.308706073,-11.1
370,2023/12/16 20:30,12.55612215,0.579392119,-11.3
371,2023/12/16 20:45,12.13619318,1.353040441,-11.5
372,2023/12/16 21:00,12.66521507,1.792799498,-11.7
373,2023/12/16 21:15,13.03781077,1.052806527,-11.725
374,2023/12/16 21:30,11.56243209,0.736459942,-11.75
375,2023/12/16 21:45,12.84942822,1.914810394,-11.775
376,2023/12/16 22:00,11.92327244,2.103922308,-11.8
377,2023/12/16 22:15,12.46272737,1.878619091,-11.775
378,2023/12/16 22:30,12.96110056,1.722997234,-11.75
379,2023/12/16 22:45,12.83644927,2.016122593,-11.725
380,2023/12/16 23:00,12.48740235,1.657326764,-11.7
381,2023/12/16 23:15,12.67986795,1.268459459,-11.8
382,2023/12/16 23:30,12.26450943,2.126234296,-11.6
383,2023/12/16 23:45,13.12483819,1.495672746,-11.5
384,2023/12/17 0:00,12.71119504,1.100335923,-13.8
385,2023/12/17 0:15,13.63911902,1.520855433,-13.975
386,2023/12/17 0:30,13.12234206,1.854351459,-14.15
387,2023/12/17 0:45,13.81467622,0.559514857,-14.325
388,2023/12/17 1:00,12.67676751,1.588416734,-14.5
389,2023/12/17 1:15,12.10153126,1.616830325,-14.775
390,2023/12/17 1:30,12.4243051,0.351133611,-15.05
391,2023/12/17 1:45,13.31860347,2.852059215,-15.325
392,2023/12/17 2:00,12.91858982,2.091928075,-15.6
393,2023/12/17 2:15,12.89242649,0.992502915,-15.675
394,2023/12/17 2:30,13.1173572,1.874711657,-15.75
395,2023/12/17 2:45,12.8647263,1.739292883,-15.825
396,2023/12/17 3:00,12.86387533,0.515701502,-15.9
397,2023/12/17 3:15,12.69972389,1.176528322,-15.65
398,2023/12/17 3:30,12.74001693,0.432197116,-15.4
399,2023/12/17 3:45,12.63436204,1.822165705,-15.15
400,2023/12/17 4:00,11.81485915,1.457456422,-14.9
401,2023/12/17 4:15,12.10916363,1.204328034,-15.15
402,2023/12/17 4:30,12.37922986,0.939858307,-15.4
403,2023/12/17 4:45,11.90204725,1.973343234,-15.65
404,2023/12/17 5:00,12.64556251,2.487993156,-15.9
405,2023/12/17 5:15,12.4689737,1.339888096,-15.6
406,2023/12/17 5:30,11.94407779,1.240775039,-15.3
407,2023/12/17 5:45,11.88527753,2.546239597,-15
408,2023/12/17 6:00,12.30323681,2.606664045,-14.7
409,2023/12/17 6:15,12.82414721,1.267412209,-14.725
410,2023/12/17 6:30,12.01726169,1.873281581,-14.75
411,2023/12/17 6:45,12.51555367,2.259012647,-14.775
412,2023/12/17 7:00,12.91479455,1.322973463,-14.8
413,2023/12/17 7:15,12.60508552,0.967455332,-14.85
414,2023/12/17 7:30,13.12762858,1.605541934,-14.9
415,2023/12/17 7:45,12.76547484,1.885667193,-14.95
416,2023/12/17 8:00,12.72799196,1.982454562,-15
417,2023/12/17 8:15,12.64273401,0.292796967,-14.45
418,2023/12/17 8:30,12.00347076,1.065106534,-13.9
419,2023/12/17 8:45,12.01107021,1.572136906,-13.35
420,2023/12/17 9:00,11.98910962,0.201280469,-12.8
421,2023/12/17 9:15,12.8332923,1.258865026,-12.325
422,2023/12/17 9:30,11.73944366,1.363372699,-11.85
423,2023/12/17 9:45,11.92516558,0.534852602,-11.375
424,2023/12/17 10:00,11.48540202,1.224354766,-10.9
425,2023/12/17 10:15,11.51886016,1.86311455,-10.45
426,2023/12/17 10:30,11.95861369,1.777865358,-10
427,2023/12/17 10:45,12.39427975,0.617005553,-9.55
428,2023/12/17 11:00,12.25613223,2.549415391,-9.1
429,2023/12/17 11:15,12.20229172,1.718123118,-8.825
430,2023/12/17 11:30,11.73440351,2.292089721,-8.55
431,2023/12/17 11:45,12.62647573,2.451158155,-8.275
432,2023/12/17 12:00,12.42312108,1.562638392,-8
433,2023/12/17 12:15,12.17182444,0.956543579,-7.625
434,2023/12/17 12:30,12.53645943,2.58971621,-7.25
435,2023/12/17 12:45,12.20526563,3.173985015,-6.875
436,2023/12/17 13:00,13.83887362,0.974970919,-6.5
437,2023/12/17 13:15,13.44339806,2.214624833,-6.275
438,2023/12/17 13:30,13.18482744,2.165457636,-6.05
439,2023/12/17 13:45,12.56715406,1.304312667,-5.825
440,2023/12/17 14:00,13.68346524,3.398038361,-5.6
441,2023/12/17 14:15,14.26882797,2.130431275,-5.4
442,2023/12/17 14:30,14.69041452,2.271581539,-5.2
443,2023/12/17 14:45,14.76093949,2.260349239,-5
444,2023/12/17 15:00,14.80702616,2.300776503,-4.8
445,2023/12/17 15:15,14.30493242,1.853718039,-4.875
446,2023/12/17 15:30,15.17010107,3.860409364,-4.95
447,2023/12/17 15:45,15.84290757,4.168963057,-5.025
448,2023/12/17 16:00,15.78028861,0.271443921,-5.1
449,2023/12/17 16:15,16.21372534,1.906599446,-5.6
450,2023/12/17 16:30,16.86720186,3.036279839,-6.1
451,2023/12/17 16:45,16.23412618,1.545865081,-6.6
452,2023/12/17 17:00,16.1563262,2.620890417,-7.1
453,2023/12/17 17:15,15.75418087,2.69853845,-7.4
454,2023/12/17 17:30,17.1907633,1.012277835,-7.7
455,2023/12/17 17:45,16.40023222,1.544491772,-8
456,2023/12/17 18:00,15.21660608,2.001362877,-8.3
457,2023/12/17 18:15,17.57932036,0.774662202,-8.55
458,2023/12/17 18:30,17.05163558,2.524250016,-8.8
459,2023/12/17 18:45,16.50813792,1.959129811,-9.05
460,2023/12/17 19:00,16.98791886,0.062857449,-9.3
461,2023/12/17 19:15,17.09094369,1.880349665,-9.75
462,2023/12/17 19:30,17.52413831,1.598894643,-10.2
463,2023/12/17 19:45,16.70431983,1.520830143,-10.65
464,2023/12/17 20:00,17.30789532,0.292280832,-11.1
465,2023/12/17 20:15,17.02418312,2.41425249,-11.325
466,2023/12/17 20:30,16.60170372,1.761167713,-11.55
467,2023/12/17 20:45,15.76850034,2.568681142,-11.775
468,2023/12/17 21:00,16.60537502,2.267552831,-12
469,2023/12/17 21:15,16.21743237,2.691190222,-12.025
470,2023/12/17 21:30,17.80996173,1.230619942,-12.05
471,2023/12/17 21:45,16.9280602,1.487157751,-12.075
472,2023/12/17 22:00,16.86929759,2.598692908,-12.1
473,2023/12/17 22:15,17.97336954,1.659195958,-12.45
474,2023/12/17 22:30,18.15159433,1.065260334,-12.8
475,2023/12/17 22:45,16.8260038,2.402522344,-13.15
476,2023/12/17 23:00,16.70685372,1.699888424,-13.5
477,2023/12/17 23:15,17.18754025,0.922380609,-13.2
478,2023/12/17 23:30,17.02958406,3.003485681,-13
479,2023/12/17 23:45,18.21882291,2.35241034,-12.5
480,2023/12/18 0:00,17.1155971,1.562034485,-13.5
481,2023/12/18 0:15,17.59580783,2.504286845,-13.325
482,2023/12/18 0:30,17.18341387,2.682545397,-13.15
483,2023/12/18 0:45,18.466378,1.221246927,-12.975
484,2023/12/18 1:00,16.76815508,1.88176128,-12.8
485,2023/12/18 1:15,16.87517784,2.275147059,-12.95
486,2023/12/18 1:30,17.51482006,3.056177756,-13.1
487,2023/12/18 1:45,15.92324003,1.488704199,-13.25
488,2023/12/18 2:00,17.99829346,2.055087359,-13.4
489,2023/12/18 2:15,17.86370547,2.324357361,-13.35
490,2023/12/18 2:30,17.41097009,1.943358243,-13.3
491,2023/12/18 2:45,17.64926769,2.665196547,-13.25
492,2023/12/18 3:00,17.96094248,2.378027952,-13.2
493,2023/12/18 3:15,17.51790723,1.731009212,-13.4
494,2023/12/18 3:30,18.17448825,1.752766114,-13.6
495,2023/12/18 3:45,18.05783051,2.072471473,-13.8
496,2023/12/18 4:00,18.37576543,2.647795325,-14
497,2023/12/18 4:15,17.66629304,0.8774961,-14.05
498,2023/12/18 4:30,18.21669784,2.155577581,-14.1
499,2023/12/18 4:45,18.29959666,2.18968473,-14.15
500,2023/12/18 5:00,17.58191286,0.956270398,-14.2
501,2023/12/18 5:15,18.36301902,3.110439,-14.325
502,2023/12/18 5:30,17.56539277,2.001651272,-14.45
503,2023/12/18 5:45,18.02818624,2.66535819,-14.575
504,2023/12/18 6:00,17.46211291,1.250561205,-14.7
505,2023/12/18 6:15,17.26331553,1.764105489,-14.475
506,2023/12/18 6:30,18.18621519,2.470140952,-14.25
507,2023/12/18 6:45,18.78628295,1.146951243,-14.025
508,2023/12/18 7:00,17.75846049,1.724942803,-13.8
509,2023/12/18 7:15,17.88938598,1.774026219,-13.85
510,2023/12/18 7:30,17.60805388,0.992422616,-13.9
511,2023/12/18 7:45,18.0311761,2.248387497,-13.95
512,2023/12/18 8:00,17.75064198,2.594383681,-14
513,2023/12/18 8:15,17.87805242,1.826646887,-13.7
514,2023/12/18 8:30,17.07470254,1.671202058,-13.4
515,2023/12/18 8:45,18.33816656,1.50720504,-13.1
516,2023/12/18 9:00,18.36429417,2.64018159,-12.8
517,2023/12/18 9:15,18.18183026,3.069524066,-12.125
518,2023/12/18 9:30,18.21444417,1.552236485,-11.45
519,2023/12/18 9:45,18.29021327,2.632349748,-10.775
520,2023/12/18 10:00,18.08429622,2.073746226,-10.1
521,2023/12/18 10:15,18.44712734,2.059349084,-9.875
522,2023/12/18 10:30,19.02527897,1.611275454,-9.65
523,2023/12/18 10:45,18.51833811,2.935321691,-9.425
524,2023/12/18 11:00,18.19913514,2.725279551,-9.2
525,2023/12/18 11:15,19.26791682,0.887765338,-8.675
526,2023/12/18 11:30,19.48361901,2.081298531,-8.15
527,2023/12/18 11:45,18.90556314,2.565197172,-7.625
528,2023/12/18 12:00,18.64421469,1.561986375,-7.1
529,2023/12/18 12:15,18.94969349,2.215556285,-6.85
530,2023/12/18 12:30,19.84644062,2.785902464,-6.6
531,2023/12/18 12:45,20.01995261,1.219791901,-6.35
532,2023/12/18 13:00,19.88010761,2.752847839,-6.1
533,2023/12/18 13:15,20.56105811,3.144795121,-6.05
534,2023/12/18 13:30,19.74171968,2.650210846,-6
535,2023/12/18 13:45,20.39192589,1.892866695,-5.95
536,2023/12/18 14:00,20.12813921,3.070690495,-5.9
537,2023/12/18 14:15,21.27777331,3.056920215,-5.8
538,2023/12/18 14:30,21.29296706,2.628987257,-5.7
539,2023/12/18 14:45,20.8857858,2.055932665,-5.6
540,2023/12/18 15:00,20.39492136,2.194828409,-5.5
541,2023/12/18 15:15,21.32808694,2.680678942,-5.675
542,2023/12/18 15:30,20.62337402,3.528042744,-5.85
543,2023/12/18 15:45,20.83768221,2.697704844,-6.025
544,2023/12/18 16:00,21.88064884,1.594519691,-6.2
545,2023/12/18 16:15,21.21086289,2.298127764,-6.5
546,2023/12/18 16:30,22.59612128,2.554806119,-6.8
547,2023/12/18 16:45,22.5429772,2.538470642,-7.1
548,2023/12/18 17:00,22.05947356,2.359501077,-7.4
549,2023/12/18 17:15,22.33084694,1.857562384,-7.575
550,2023/12/18 17:30,23.37544107,3.395474249,-7.75
551,2023/12/18 17:45,23.64030258,2.383259028,-7.925
552,2023/12/18 18:00,22.887044,1.973722577,-8.1
553,2023/12/18 18:15,21.94720034,1.146678062,-8.55
554,2023/12/18 18:30,22.94251052,2.462257313,-9
555,2023/12/18 18:45,23.75206762,1.404732701,-9.45
556,2023/12/18 19:00,23.11334636,1.544091399,-9.9
557,2023/12/18 19:15,22.99559591,3.088001919,-10.1
558,2023/12/18 19:30,23.26301847,3.04570945,-10.3
559,2023/12/18 19:45,22.38263076,2.313123403,-10.5
560,2023/12/18 20:00,24.26300808,2.747013059,-10.7
561,2023/12/18 20:15,22.52912733,3.905952314,-10.925
562,2023/12/18 20:30,24.11261541,2.163673813,-11.15
563,2023/12/18 20:45,24.23518814,3.040952315,-11.375
564,2023/12/18 21:00,24.20470759,3.506050323,-11.6
565,2023/12/18 21:15,24.03643471,2.850241109,-11.625
566,2023/12/18 21:30,24.47472727,2.577673595,-11.65
567,2023/12/18 21:45,24.22547929,4.348137776,-11.675
568,2023/12/18 22:00,24.87806464,4.560680401,-11.7
569,2023/12/18 22:15,26.40984852,4.178690596,-11.65
570,2023/12/18 22:30,26.01895723,2.106654254,-11.6
571,2023/12/18 22:45,26.12070836,2.289348343,-11.55
572,2023/12/18 23:00,26.07921561,3.386182443,-11.5
573,2023/12/18 23:15,26.05225585,4.053615037,-11.2
574,2023/12/18 23:30,25.59523174,1.990878002,-11.7
575,2023/12/18 23:45,25.88747286,2.949943026,-12
576,2023/12/19 0:00,26.66579335,3.464701951,-11.9
577,2023/12/19 0:15,27.03290116,1.740549785,-11.8
578,2023/12/19 0:30,27.12303375,2.293487643,-11.7
579,2023/12/19 0:45,26.98403618,3.751217382,-11.6
580,2023/12/19 1:00,26.51862134,4.406177166,-11.5
581,2023/12/19 1:15,27.08892058,2.111971072,-11.525
582,2023/12/19 1:30,26.88893273,2.426876356,-11.55
583,2023/12/19 1:45,26.33210706,4.004689072,-11.575
584,2023/12/19 2:00,27.59355392,3.296869785,-11.6
585,2023/12/19 2:15,28.20031296,1.740970715,-11.7
586,2023/12/19 2:30,28.96339233,3.70939331,-11.8
587,2023/12/19 2:45,27.61454879,2.996079977,-11.9
588,2023/12/19 3:00,28.01257,1.803345905,-12
589,2023/12/19 3:15,28.45459744,2.922211239,-12.025
590,2023/12/19 3:30,29.35403521,4.0899195,-12.05
591,2023/12/19 3:45,27.54030747,3.731969618,-12.075
592,2023/12/19 4:00,28.6760278,2.260540262,-12.1
593,2023/12/19 4:15,27.80082427,3.635531334,-12.225
594,2023/12/19 4:30,28.80040696,3.848380882,-12.35
595,2023/12/19 4:45,29.45540131,2.388144166,-12.475
596,2023/12/19 5:00,29.80439301,3.639225023,-12.6
597,2023/12/19 5:15,29.26838757,3.399456334,-11.825
598,2023/12/19 5:30,29.10264294,3.315858905,-11.05
599,2023/12/19 5:45,29.3476925,2.484027977,-10.275
600,2023/12/19 6:00,30.7267981,3.321124739,-9.5
601,2023/12/19 6:15,31.05387727,3.37118481,-9.275
602,2023/12/19 6:30,29.49052454,3.023218882,-9.05
603,2023/12/19 6:45,30.01315915,2.975158644,-8.825
604,2023/12/19 7:00,30.32647251,3.129925118,-8.6
605,2023/12/19 7:15,30.18198151,3.720014572,-8.575
606,2023/12/19 7:30,30.76114046,3.11335,-8.55
607,2023/12/19 7:45,30.69426601,2.409797477,-8.525
608,2023/12/19 8:00,29.94702836,2.911586595,-8.5
609,2023/12/19 8:15,31.02646804,3.179146715,-8.5
610,2023/12/19 8:30,31.43733433,3.755854356,-8.5
611,2023/12/19 8:45,31.88881965,2.999608,-8.5
612,2023/12/19 9:00,30.85061423,3.646676644,-8.5
613,2023/12/19 9:15,31.47776444,3.7045315,-8.4
614,2023/12/19 9:30,31.3021047,2.757494618,-8.3
615,2023/12/19 9:45,31.97957867,1.783124428,-8.2
616,2023/12/19 10:00,32.21531314,2.862021834,-8.1
617,2023/12/19 10:15,32.89407891,1.731559834,-8
618,2023/12/19 10:30,32.77132529,1.582923024,-7.9
619,2023/12/19 10:45,30.20288044,2.120707453,-7.8
620,2023/12/19 11:00,31.23143916,2.515242618,-7.7
621,2023/12/19 11:15,31.9121025,0.166626858,-7.5
622,2023/12/19 11:30,31.66034383,2.53683169,-7.3
623,2023/12/19 11:45,31.56988534,1.691152381,-7.1
624,2023/12/19 12:00,30.96742464,1.821971572,-6.9
625,2023/12/19 12:15,31.07727904,2.114976739,-6.85
626,2023/12/19 12:30,30.409896,3.049365477,-6.8
627,2023/12/19 12:45,31.04526364,0.855600715,-6.75
628,2023/12/19 13:00,31.26427569,2.702241405,-6.7
629,2023/12/19 13:15,31.48097697,4.215503285,-6.575
630,2023/12/19 13:30,31.26060897,2.7217495,-6.45
631,2023/12/19 13:45,32.33669287,2.015728881,-6.325
632,2023/12/19 14:00,32.58556745,3.026026761,-6.2
633,2023/12/19 14:15,31.4513887,3.050731382,-6.15
634,2023/12/19 14:30,31.86705797,2.384663477,-6.1
635,2023/12/19 14:45,31.95032419,3.407164905,-6.05
636,2023/12/19 15:00,32.05667538,1.439925643,-6
637,2023/12/19 15:15,31.87199729,2.509914239,-6.15
638,2023/12/19 15:30,32.19484482,2.960390644,-6.3
639,2023/12/19 15:45,32.25652382,1.604834977,-6.45
640,2023/12/19 16:00,32.64035454,1.834996691,-6.6
641,2023/12/19 16:15,31.93169519,3.676758666,-6.9
642,2023/12/19 16:30,32.74930239,1.795500405,-7.2
643,2023/12/19 16:45,31.3796592,1.462236547,-7.5
644,2023/12/19 17:00,32.76882873,2.781127477,-7.8
645,2023/12/19 17:15,32.65908885,1.554215358,-7.975
646,2023/12/19 17:30,32.45464837,2.691116382,-8.15
647,2023/12/19 17:45,31.38296467,2.768888428,-8.325
648,2023/12/19 18:00,31.29631348,1.596267643,-8.5
649,2023/12/19 18:15,31.80197611,2.733684261,-8.7
650,2023/12/19 18:30,32.10865306,2.57882819,-8.9
651,2023/12/19 18:45,33.45145771,1.066932215,-9.1
652,2023/12/19 19:00,32.48866578,2.79484231,-9.3
653,2023/12/19 19:15,31.65622557,3.040378905,-9.5
654,2023/12/19 19:30,33.35129139,2.068512309,-9.7
655,2023/12/19 19:45,31.57433351,2.89069231,-9.9
656,2023/12/19 20:00,32.27794637,1.224352739,-10.1
657,2023/12/19 20:15,32.35846329,1.991938809,-10.225
658,2023/12/19 20:30,30.99013314,1.569948619,-10.35
659,2023/12/19 20:45,32.11238765,0.368860215,-10.475
660,2023/12/19 21:00,30.65661478,3.297750523,-10.6
661,2023/12/19 21:15,30.19092248,3.334056882,-10.75
662,2023/12/19 21:30,31.6622579,2.000964262,-10.9
663,2023/12/19 21:45,31.1444314,2.96602669,-11.05
664,2023/12/19 22:00,31.51493314,3.868583761,-11.2
665,2023/12/19 22:15,32.00287136,2.93641969,-11.325
666,2023/12/19 22:30,31.19220143,2.417668334,-11.45
667,2023/12/19 22:45,31.64539843,4.351505477,-11.575
668,2023/12/19 23:00,31.25369288,0,-11.7
669,2023/12/19 23:15,31.79782102,2.343909477,-12
670,2023/12/19 23:30,31.64329117,2.241145428,-11.2
671,2023/12/19 23:45,30.55155129,1.419006,-11
672,2023/12/20 0:00,30.166312,0,-12.1
673,2023/12/20 0:15,31.18224676,1.679016453,-12.275
674,2023/12/20 0:30,30.23101362,1.737320977,-12.45
675,2023/12/20 0:45,31.11357108,0.934884047,-12.625
676,2023/12/20 1:00,29.81716623,1.338977166,-12.8
677,2023/12/20 1:15,30.2642691,2.429104405,-13
678,2023/12/20 1:30,30.52011591,2.44580969,-13.2
679,2023/12/20 1:45,29.82162784,1.569389072,-13.4
680,2023/12/20 2:00,30.15520145,2.300503119,-13.6
681,2023/12/20 2:15,29.4235558,2.538537382,-13.675
682,2023/12/20 2:30,29.65934122,1.120259977,-13.75
683,2023/12/20 2:45,29.23299688,1.964213309,-13.825
684,2023/12/20 3:00,29.52041392,2.066045905,-13.9
685,2023/12/20 3:15,29.13418223,1.596877905,-14.175
686,2023/12/20 3:30,28.85043663,0.7032195,-14.45
687,2023/12/20 3:45,28.65602279,2.276469619,-14.725
688,2023/12/20 4:00,28.85003109,2.478273595,-15
689,2023/12/20 4:15,28.47221724,1.545764666,-15.2
690,2023/12/20 4:30,29.03699422,2.421280882,-15.4
691,2023/12/20 4:45,28.66273252,3.417644166,-15.6
692,2023/12/20 5:00,28.42336297,3.260558356,-15.8
693,2023/12/20 5:15,28.67481186,2.651589666,-15.075
694,2023/12/20 5:30,28.08364508,0.925525572,-14.35
695,2023/12/20 5:45,28.67544674,1.272294643,-13.625
696,2023/12/20 6:00,28.12219038,2.372091405,-12.9
697,2023/12/20 6:15,27.65361129,0.614018143,-12.925
698,2023/12/20 6:30,27.75532021,1.480152215,-12.95
699,2023/12/20 6:45,28.50759352,2.101858643,-12.975
700,2023/12/20 7:00,27.65339433,0.898158453,-13
701,2023/12/20 7:15,27.34599383,1.277614572,-13
702,2023/12/20 7:30,26.91739151,3.037616666,-13
703,2023/12/20 7:45,27.22545771,1.508097477,-13
704,2023/12/20 8:00,26.0001812,1.359053262,-13
705,2023/12/20 8:15,27.3747513,3.470246715,-12.675
706,2023/12/20 8:30,28.21074861,1.699221024,-12.35
707,2023/12/20 8:45,25.96595679,0.694474666,-12.025
708,2023/12/20 9:00,25.79462287,2.659776644,-11.7
709,2023/12/20 9:15,26.90673969,2.024198166,-11.425
710,2023/12/20 9:30,26.3357264,1.320927953,-11.15
711,2023/12/20 9:45,26.54311803,0.684991096,-10.875
712,2023/12/20 10:00,25.0349519,0.545055166,-10.6
713,2023/12/20 10:15,25.83525456,0.091459834,-10.45
714,2023/12/20 10:30,26.02228257,1.642089691,-10.3
715,2023/12/20 10:45,26.33595106,1.308940785,-10.15
716,2023/12/20 11:00,24.9448684,1.185175953,-10
717,2023/12/20 11:15,24.76342451,0.689660191,-9.875
718,2023/12/20 11:30,25.72200553,1.741631691,-9.75
719,2023/12/20 11:45,24.82716736,1.400052381,-9.625
720,2023/12/20 12:00,25.48301899,1.111971572,-9.5
721,2023/12/20 12:15,24.98666953,0.413343405,-9.375
722,2023/12/20 12:30,24.31203845,2.244698809,-9.25
723,2023/12/20 12:45,24.08438023,1.418867381,-9.125
724,2023/12/20 13:00,23.64187579,1.701141405,-9
725,2023/12/20 13:15,24.16623118,1.609803285,-8.8
726,2023/12/20 13:30,23.05853347,1.8839495,-8.6
727,2023/12/20 13:45,23.23720313,1.092728881,-8.4
728,2023/12/20 14:00,24.07340412,1.783526762,-8.2
729,2023/12/20 14:15,23.62346531,1.368031381,-8.25
730,2023/12/20 14:30,24.35320864,1.639163477,-8.3
731,2023/12/20 14:45,23.84264058,2.228564905,-8.35
732,2023/12/20 15:00,23.83671695,1.941658977,-8.4
733,2023/12/20 15:15,23.97411955,1.804647572,-8.575
734,2023/12/20 15:30,23.38677389,2.219623977,-8.75
735,2023/12/20 15:45,23.32237501,0.696034977,-8.925
736,2023/12/20 16:00,23.57893311,0.388963358,-9.1
737,2023/12/20 16:15,24.26384438,0.763392,-9.375
738,2023/12/20 16:30,21.96071382,1.213300405,-9.65
739,2023/12/20 16:45,22.86339005,0.491903215,-9.925
740,2023/12/20 17:00,22.16146478,1.001394143,-10.2
741,2023/12/20 17:15,22.25249604,1.371982024,-10.5
742,2023/12/20 17:30,22.27967044,1.552749715,-10.8
743,2023/12/20 17:45,22.71283157,1.405688428,-11.1
744,2023/12/20 18:00,21.70348225,0.954900977,-11.4
745,2023/12/20 18:15,21.69749042,1.103050928,-11.575
746,2023/12/20 18:30,21.86937007,1.225094858,-11.75
747,2023/12/20 18:45,22.39199886,1.033798881,-11.925
748,2023/12/20 19:00,20.91887803,0.915708977,-12.1
749,2023/12/20 19:15,21.46478583,1.752912239,-12.2
750,2023/12/20 19:30,21.29029181,1.384545643,-12.3
751,2023/12/20 19:45,20.83610759,1.361825643,-12.4
752,2023/12/20 20:00,21.14872804,1.449186072,-12.5
753,2023/12/20 20:15,20.57697373,1.970638809,-12.5
754,2023/12/20 20:30,20.42410028,2.966281951,-12.5
755,2023/12/20 20:45,21.70012341,1.755726881,-12.5
756,2023/12/20 21:00,21.03658786,2.44811719,-12.5
757,2023/12/20 21:15,21.04242889,2.534123549,-12.5
758,2023/12/20 21:30,20.99613627,2.339397596,-12.5
759,2023/12/20 21:45,20.82081865,2.303360024,-12.5
760,2023/12/20 22:00,22.02017707,2.692350428,-12.5
761,2023/12/20 22:15,21.02887339,2.153053024,-12.6
762,2023/12/20 22:30,21.31284819,1.897001666,-12.7
763,2023/12/20 22:45,21.11879528,2.131572143,-12.8
764,2023/12/20 23:00,21.16059026,1.331062358,-12.9
765,2023/12/20 23:15,20.50038242,1.659942809,-13
766,2023/12/20 23:30,20.53076742,2.496745428,-13.4
767,2023/12/20 23:45,21.00793514,2.375139334,-13.5
768,2023/12/21 0:00,21.78011166,2.264801953,-13.3
769,2023/12/21 0:15,20.89761155,1.641149785,-13.25
770,2023/12/21 0:30,20.89953971,1.692354309,-13.2
771,2023/12/21 0:45,21.20310483,2.877917382,-13.15
772,2023/12/21 1:00,22.29786371,2.1886105,-13.1
773,2023/12/21 1:15,21.47985605,2.168771072,-13.15
774,2023/12/21 1:30,22.03048518,2.303809691,-13.2
775,2023/12/21 1:45,21.14156386,2.490022405,-13.25
776,2023/12/21 2:00,21.99494258,2.449603118,-13.3
777,2023/12/21 2:15,21.9720431,2.157504047,-13.375
778,2023/12/21 2:30,22.0528939,1.917826643,-13.45
779,2023/12/21 2:45,22.77107867,1.325213309,-13.525
780,2023/12/21 3:00,22.03386798,1.699212572,-13.6
781,2023/12/21 3:15,21.00446351,2.200377905,-13.65
782,2023/12/21 3:30,21.04819986,2.317286166,-13.7
783,2023/12/21 3:45,22.05030189,1.964069619,-13.75
784,2023/12/21 4:00,21.38557137,2.733873595,-13.8
785,2023/12/21 4:15,21.15286382,2.695964666,-13.9
786,2023/12/21 4:30,22.02308675,2.073380881,-14
787,2023/12/21 4:45,21.79540121,2.452044166,-14.1
788,2023/12/21 5:00,21.86221927,2.084325024,-14.2
789,2023/12/21 5:15,22.90596963,1.863489666,-14.275
790,2023/12/21 5:30,22.0049622,1.768058905,-14.35
791,2023/12/21 5:45,21.34174673,1.840294643,-14.425
792,2023/12/21 6:00,21.89746519,2.102291405,-14.5
793,2023/12/21 6:15,20.95946852,2.164184809,-14.475
794,2023/12/21 6:30,21.11979977,1.503818881,-14.45
795,2023/12/21 6:45,21.16371645,1.888858643,-14.425
796,2023/12/21 7:00,21.75277937,2.195091785,-14.4
797,2023/12/21 7:15,21.52870271,2.408881239,-14.325
798,2023/12/21 7:30,19.92068385,1.09695,-14.25
799,2023/12/21 7:45,20.35437264,1.751864143,-14.175
800,2023/12/21 8:00,21.2147876,1.399286596,-14.1
801,2023/12/21 8:15,22.33803519,1.797013381,-13.8
802,2023/12/21 8:30,22.1235002,1.585621024,-13.5
803,2023/12/21 8:45,20.89587186,2.876541334,-13.2
804,2023/12/21 9:00,20.62292606,2.389976644,-12.9
805,2023/12/21 9:15,20.67675546,3.375564834,-12.625
806,2023/12/21 9:30,21.56072137,3.458027951,-12.35
807,2023/12/21 9:45,21.15661969,2.826824428,-12.075
808,2023/12/21 10:00,21.5695924,2.5732885,-11.8
809,2023/12/21 10:15,22.17448442,2.929093166,-11.525
810,2023/12/21 10:30,22.5946065,2.588756356,-11.25
811,2023/12/21 10:45,21.64561073,3.446040785,-10.975
812,2023/12/21 11:00,22.57234975,2.917575951,-10.7
813,2023/12/21 11:15,22.70952644,2.732093523,-10.45
814,2023/12/21 11:30,22.47631909,2.397198356,-10.2
815,2023/12/21 11:45,22.28965832,2.282819047,-9.95
816,2023/12/21 12:00,22.52280939,2.815971572,-9.7
817,2023/12/21 12:15,23.0593054,2.025043405,-9.425
818,2023/12/21 12:30,23.24691522,2.176065477,-9.15
819,2023/12/21 12:45,24.01993242,2.829400715,-8.875
820,2023/12/21 13:00,23.90122484,2.865541405,-8.6
821,2023/12/21 13:15,23.35130791,2.203836619,-8.35
822,2023/12/21 13:30,23.79150745,2.080382834,-8.1
823,2023/12/21 13:45,23.54668433,2.268962215,-7.85
824,2023/12/21 14:00,23.69994447,2.732560095,-7.6
825,2023/12/21 14:15,23.18074279,3.415198049,-7.475
826,2023/12/21 14:30,23.2998444,3.00709681,-7.35
827,2023/12/21 14:45,25.32963914,2.581198239,-7.225
828,2023/12/21 15:00,25.82286318,2.048158977,-7.1
829,2023/12/21 15:15,24.7005756,3.049514239,-7.075
830,2023/12/21 15:30,24.59141657,2.309557309,-7.05
831,2023/12/21 15:45,25.23357113,3.628334977,-7.025
832,2023/12/21 16:00,25.1479948,1.311963358,-7
833,2023/12/21 16:15,25.70701208,1.887558666,-7.2
834,2023/12/21 16:30,24.88108734,1.786033739,-7.4
835,2023/12/21 16:45,25.80134393,1.627903215,-7.6
836,2023/12/21 17:00,25.40541691,2.037994143,-7.8
837,2023/12/21 17:15,25.30979244,1.923415358,-7.85
838,2023/12/21 17:30,24.19911829,1.981116381,-7.9
839,2023/12/21 17:45,25.20162314,2.546421761,-7.95
840,2023/12/21 18:00,24.34458504,2.266034309,-8
841,2023/12/21 18:15,25.16882506,1.152750928,-7.95
842,2023/12/21 18:30,25.67463584,1.793094858,-7.9
843,2023/12/21 18:45,24.67087343,1.821898881,-7.85
844,2023/12/21 19:00,24.76815379,1.590208977,-7.8
845,2023/12/21 19:15,24.85306161,2.940978905,-7.85
846,2023/12/21 19:30,25.3829282,3.611578977,-7.9
847,2023/12/21 19:45,25.75093416,3.03269231,-7.95
848,2023/12/21 20:00,25.98753281,3.205252739,-8
849,2023/12/21 20:15,25.40386351,2.280672143,-7.975
850,2023/12/21 20:30,26.18871831,2.163981953,-7.95
851,2023/12/21 20:45,25.60844076,2.068126881,-7.925
852,2023/12/21 21:00,25.69919852,2.961683856,-7.9
853,2023/12/21 21:15,26.75698894,2.813390215,-8
854,2023/12/21 21:30,25.85970247,3.307364261,-8.1
855,2023/12/21 21:45,26.27588375,2.977860023,-8.2
856,2023/12/21 22:00,27.01931556,2.332617096,-8.3
857,2023/12/21 22:15,27.25146388,2.619286356,-8.3
858,2023/12/21 22:30,26.65492628,3.205768334,-8.3
859,2023/12/21 22:45,26.60482089,2.83683881,-8.3
860,2023/12/21 23:00,27.61690399,2.071829024,-8.3
861,2023/12/21 23:15,26.90565711,1.936842809,-8.5
862,2023/12/21 23:30,27.13105988,2.357112096,-8.7
863,2023/12/21 23:45,27.18991145,1.842639334,-9
864,2023/12/22 0:00,26.44363979,2.153568619,-9.3
865,2023/12/22 0:15,27.59434288,2.819749785,-9.15
866,2023/12/22 0:30,27.35165999,2.93485431,-9
867,2023/12/22 0:45,28.28135245,2.319384047,-8.85
868,2023/12/22 1:00,27.10884103,1.667943834,-8.7
869,2023/12/22 1:15,27.67382277,1.581837739,-8.625
870,2023/12/22 1:30,27.20951348,2.145243024,-8.55
871,2023/12/22 1:45,26.66898451,2.688822405,-8.475
872,2023/12/22 2:00,28.22787648,1.820069785,-8.4
873,2023/12/22 2:15,26.66036214,2.308970715,-8.55
874,2023/12/22 2:30,27.32679278,2.133193309,-8.7
875,2023/12/22 2:45,28.48003704,2.077813309,-8.85
876,2023/12/22 3:00,27.7578978,1.351312572,-9
877,2023/12/22 3:15,27.71514949,1.125911239,-8.95
878,2023/12/22 3:30,27.42341293,0.563586166,-8.9
879,2023/12/22 3:45,27.24986899,0.790202953,-8.85
880,2023/12/22 4:00,25.98477155,0.267806928,-8.8
881,2023/12/22 4:15,26.38877501,1.283064666,-9.05
882,2023/12/22 4:30,26.71187844,1.417814215,-9.3
883,2023/12/22 4:45,26.456848,1.8035775,-9.55
884,2023/12/22 5:00,26.76808408,1.485558358,-9.8
885,2023/12/22 5:15,25.9529471,1.290756334,-10.05
886,2023/12/22 5:30,25.19022794,1.228458905,-10.3
887,2023/12/22 5:45,25.77041274,0.725594643,-10.55
888,2023/12/22 6:00,24.68857544,1.633691405,-10.8
889,2023/12/22 6:15,25.38477905,0.722884809,-10.85
890,2023/12/22 6:30,24.98095601,1.342885547,-10.9
891,2023/12/22 6:45,25.08347402,1.209625309,-10.95
892,2023/12/22 7:00,24.33839205,1.406991785,-11
893,2023/12/22 7:15,24.55481336,1.634981239,-10.925
894,2023/12/22 7:30,24.56899105,1.825883334,-10.85
895,2023/12/22 7:45,23.98669596,1.562530809,-10.775
896,2023/12/22 8:00,23.38221407,1.027719928,-10.7
897,2023/12/22 8:15,24.75522163,0.502446715,-10.175
898,2023/12/22 8:30,23.81858104,1.474387691,-9.65
899,2023/12/22 8:45,23.70693115,1.302708,-9.125
900,2023/12/22 9:00,23.29732076,1.817243309,-8.6
901,2023/12/22 9:15,23.56021588,1.683398166,-8.325
902,2023/12/22 9:30,24.86626481,2.407227951,-8.05
903,2023/12/22 9:45,23.12827752,1.941691096,-7.775
904,2023/12/22 10:00,23.48045997,2.639555166,-7.5
905,2023/12/22 10:15,24.01423124,2.0747265,-7.1
906,2023/12/22 10:30,23.47720878,1.268156358,-6.7
907,2023/12/22 10:45,23.61077996,1.687607453,-6.3
908,2023/12/22 11:00,23.25872741,3.267842618,-5.9
909,2023/12/22 11:15,23.51050909,0.372526858,-5.6
910,2023/12/22 11:30,23.37405111,2.38063169,-5.3
911,2023/12/22 11:45,23.67597801,1.345619047,-5
912,2023/12/22 12:00,23.24549888,2.780471572,-4.7
913,2023/12/22 12:15,23.82119833,1.729210072,-4.45
914,2023/12/22 12:30,24.3989077,2.081398809,-4.2
915,2023/12/22 12:45,23.50293335,2.384467382,-3.95
916,2023/12/22 13:00,24.51268099,2.508174739,-3.7
917,2023/12/22 13:15,23.80966781,3.370603285,-3.575
918,2023/12/22 13:30,24.26676265,2.5300495,-3.45
919,2023/12/22 13:45,24.83443564,2.659462215,-3.325
920,2023/12/22 14:00,25.35638036,3.492260095,-3.2
921,2023/12/22 14:15,25.41637497,3.242431382,-3.15
922,2023/12/22 14:30,25.04471779,2.150363477,-3.1
923,2023/12/22 14:45,25.5083467,3.416631572,-3.05
924,2023/12/22 15:00,25.3808226,3.839725644,-3
925,2023/12/22 15:15,26.30833189,3.787914239,-3.15
926,2023/12/22 15:30,27.12485013,4.299923977,-3.3
927,2023/12/22 15:45,26.93711808,4.60576831,-3.45
928,2023/12/22 16:00,28.07318349,2.372230023,-3.6
929,2023/12/22 16:15,27.98110114,2.685125334,-3.925
930,2023/12/22 16:30,27.58885651,2.666433739,-4.25
931,2023/12/22 16:45,27.21708896,2.051536547,-4.575
932,2023/12/22 17:00,28.42525166,3.592894144,-4.9
933,2023/12/22 17:15,28.88429922,2.96474869,-5.4
934,2023/12/22 17:30,29.02604292,3.159716382,-5.9
935,2023/12/22 17:45,28.18242612,3.448121761,-6.4
936,2023/12/22 18:00,28.52615559,2.46483431,-6.9
937,2023/12/22 18:15,29.38899042,1.829617596,-7.275
938,2023/12/22 18:30,29.29943363,2.434461523,-7.65
939,2023/12/22 18:45,29.64220273,2.588698882,-8.025
940,2023/12/22 19:00,29.13866042,2.768808977,-8.4
941,2023/12/22 19:15,29.49396248,2.548112239,-8.65
942,2023/12/22 19:30,29.19267133,2.78561231,-8.9
943,2023/12/22 19:45,29.15022756,2.211458977,-9.15
944,2023/12/22 20:00,28.95116585,2.701152739,-9.4
945,2023/12/22 20:15,29.0714316,2.228605477,-9.65
946,2023/12/22 20:30,29.43095349,2.372248618,-9.9
947,2023/12/22 20:45,29.59381465,2.598260215,-10.15
948,2023/12/22 21:00,29.13121591,2.119150524,-10.4
949,2023/12/22 21:15,30.06650329,1.776790215,-10.625
950,2023/12/22 21:30,29.25293024,0.999864262,-10.85
951,2023/12/22 21:45,30.2857195,2.180293358,-11.075
952,2023/12/22 22:00,28.88309267,1.828517096,-11.3
953,2023/12/22 22:15,30.05792595,1.769653024,-11.45
954,2023/12/22 22:30,28.29556764,1.601168334,-11.6
955,2023/12/22 22:45,29.00232307,2.096072143,-11.75
956,2023/12/22 23:00,28.44375653,1.988995691,-11.9
957,2023/12/22 23:15,28.79745516,1.631542809,-12
958,2023/12/22 23:30,28.71225387,1.611612096,-12.3
959,2023/12/22 23:45,27.11757308,2.069839334,-12.1
960,2023/12/23 0:00,28.80465061,2.984268618,-12
961,2023/12/23 0:15,27.63578873,1.875449785,-11.925
962,2023/12/23 0:30,27.67427467,2.172787643,-11.85
963,2023/12/23 0:45,28.13041709,1.566784047,-11.775
964,2023/12/23 1:00,27.70443028,1.693977166,-11.7
965,2023/12/23 1:15,28.14755124,1.392504405,-11.225
966,2023/12/23 1:30,28.18323351,2.069509691,-10.75
967,2023/12/23 1:45,27.76489869,1.784755739,-10.275
968,2023/12/23 2:00,28.02730224,1.692269785,-9.8
969,2023/12/23 2:15,28.54168954,1.300770715,-9.725
970,2023/12/23 2:30,26.72349562,1.148659977,-9.65
971,2023/12/23 2:45,28.05284754,2.151179977,-9.575
972,2023/12/23 3:00,27.83826053,1.382079239,-9.5
973,2023/12/23 3:15,26.74072294,1.585044572,-9.45
974,2023/12/23 3:30,27.17698219,1.131586166,-9.4
975,2023/12/23 3:45,27.17290199,0.920369619,-9.35
976,2023/12/23 4:00,26.30232318,0.876040262,-9.3
977,2023/12/23 4:15,26.77994441,1.122131334,-9.35
978,2023/12/23 4:30,25.33607968,1.349180881,-9.4
979,2023/12/23 4:45,27.11078758,1.148010834,-9.45
980,2023/12/23 5:00,25.30416348,1.596791691,-9.5
981,2023/12/23 5:15,25.20453267,1.011489666,-9.675
982,2023/12/23 5:30,25.6780327,1.879292239,-9.85
983,2023/12/23 5:45,25.3646608,1.523161309,-10.025
984,2023/12/23 6:00,25.59561744,1.557958072,-10.2
985,2023/12/23 6:15,24.4933043,2.083718143,-10.375
986,2023/12/23 6:30,25.4823572,1.615052215,-10.55
987,2023/12/23 6:45,25.45663667,0.812025309,-10.725
988,2023/12/23 7:00,25.36460101,1.913458453,-10.9
989,2023/12/23 7:15,24.09883855,1.140347905,-10.975
990,2023/12/23 7:30,25.30705708,0.96205,-11.05
991,2023/12/23 7:45,23.51974429,0.648997477,-11.125
992,2023/12/23 8:00,24.60038271,1.058486596,-11.2
993,2023/12/23 8:15,24.47222712,2.312946715,-10.45
994,2023/12/23 8:30,23.81324507,2.451821023,-9.7
995,2023/12/23 8:45,24.21387441,1.707408,-8.95
996,2023/12/23 9:00,23.47707252,3.199376644,-8.2
997,2023/12/23 9:15,24.72775355,1.103564834,-7.525
998,2023/12/23 9:30,25.00760482,1.642794619,-6.85
999,2023/12/23 9:45,23.30282745,1.714491096,-6.175
1000,2023/12/23 10:00,23.80032746,0.232655166,-5.5
1001,2023/12/23 10:15,24.57145633,1.660559834,-5.15
1002,2023/12/23 10:30,23.78065383,1.488256358,-4.8
1003,2023/12/23 10:45,23.848669,1.507740785,-4.45
1004,2023/12/23 11:00,23.48423878,0.434942619,-4.1
1005,2023/12/23 11:15,24.28358171,0,-3.9
1006,2023/12/23 11:30,23.83186843,0,-3.7
1007,2023/12/23 11:45,23.39559587,0.555152381,-3.5
1008,2023/12/23 12:00,23.0826961,2.042071572,-3.3
1009,2023/12/23 12:15,22.74721922,1.435743405,-3
1010,2023/12/23 12:30,22.00081038,1.873132143,-2.7
1011,2023/12/23 12:45,22.88309127,1.030734047,-2.4
1012,2023/12/23 13:00,23.64563075,1.272774739,-2.1
1013,2023/12/23 13:15,23.5321551,1.832269953,-1.9
1014,2023/12/23 13:30,22.80767407,0.217816166,-1.7
1015,2023/12/23 13:45,22.23197634,0.193395547,-1.5
1016,2023/12/23 14:00,22.74410723,1.731460096,-1.3
1017,2023/12/23 14:15,22.5829419,3.476731382,-1.225
1018,2023/12/23 14:30,22.63291284,2.805930144,-1.15
1019,2023/12/23 14:45,22.28721133,2.630898239,-1.075
1020,2023/12/23 15:00,23.57313209,2.325058977,-1
1021,2023/12/23 15:15,23.58041419,2.987980905,-1.1
1022,2023/12/23 15:30,23.03888006,2.773423977,-1.2
1023,2023/12/23 15:45,23.44254605,3.54076831,-1.3
1024,2023/12/23 16:00,23.98445209,3.884530023,-1.4
1025,2023/12/23 16:15,24.87763298,2.367992,-1.75
1026,2023/12/23 16:30,25.01026671,2.415567072,-2.1
1027,2023/12/23 16:45,25.14609899,2.541436549,-2.45
1028,2023/12/23 17:00,24.28560896,3.024894144,-2.8
1029,2023/12/23 17:15,24.78575965,4.197782023,-3
1030,2023/12/23 17:30,25.49529178,1.879349715,-3.2
1031,2023/12/23 17:45,27.00108057,2.617421761,-3.4
1032,2023/12/23 18:00,26.89348106,1.875534309,-3.6
1033,2023/12/23 18:15,26.0381214,2.556184261,-3.625
1034,2023/12/23 18:30,26.47723694,1.419161524,-3.65
1035,2023/12/23 18:45,28.05337532,1.007765547,-3.675
1036,2023/12/23 19:00,26.24129102,1.448208977,-3.7
1037,2023/12/23 19:15,26.22644845,1.852312239,-3.725
1038,2023/12/23 19:30,26.16957112,2.089812309,-3.75
1039,2023/12/23 19:45,25.41802039,0.751225643,-3.775
1040,2023/12/23 20:00,26.1217622,1.103652739,-3.8
1041,2023/12/23 20:15,25.54112019,1.438138809,-3.9
1042,2023/12/23 20:30,25.60831968,1.835015285,-4
1043,2023/12/23 20:45,25.70383767,1.575860215,-4.1
1044,2023/12/23 21:00,26.52182583,1.761783858,-4.2
1045,2023/12/23 21:15,25.33663991,2.247756881,-4.275
1046,2023/12/23 21:30,25.53816692,2.100364262,-4.35
1047,2023/12/23 21:45,26.14546882,2.73172669,-4.425
1048,2023/12/23 22:00,26.23035,2.093583762,-4.5
1049,2023/12/23 22:15,25.76570903,2.351853024,-4.5
1050,2023/12/23 22:30,26.59574983,3.104001666,-4.5
1051,2023/12/23 22:45,26.93955692,3.324372144,-4.5
1052,2023/12/23 23:00,26.88862154,2.84099569,-4.5
1053,2023/12/23 23:15,27.41924477,1.884776143,-4.7
1054,2023/12/23 23:30,26.6545877,1.798578762,-5
1055,2023/12/23 23:45,27.84765255,1.811872666,-5.2
